job_id	extension_id	method	dimension	number	timing_user	timing_system	timing_elapsed
63947031	7d28f	glm_gp overdispersion = 0	Cell	500	5.983	0.637	6.572
63947031	7d28f	glm_gp	Cell	500	31.318	0.329	27.784
63947031	7d28f	glm_gp on disk	Cell	500	56.825	1.725	54.721
63947031	7d28f	DESeq2 with glmGamPoi	Cell	500	23.356	1.535	24.839
63947031	7d28f	edgeR	Cell	500	57.071	1.207	58.287
63947031	7d28f	DESeq2	Cell	500	72.419	1.364	73.742
63947031	7d28f	glm_gp overdispersion = 0	Cell	1000	10.034	1.118	10.982
63947031	7d28f	glm_gp	Cell	1000	44.206	1.193	41.37
63947031	7d28f	glm_gp on disk	Cell	1000	94.175	2.526	92.715
63947031	7d28f	DESeq2 with glmGamPoi	Cell	1000	40.75	3.161	43.864
63947031	7d28f	edgeR	Cell	1000	146.46	2.829	149.315
63947031	7d28f	DESeq2	Cell	1000	198.35	4.944	203.216
63947031	7d28f	glm_gp overdispersion = 0	Cell	1500	13.86	1.309	14.938
63947031	7d28f	glm_gp	Cell	1500	56.763	1.749	55
63947031	7d28f	glm_gp on disk	Cell	1500	143.561	7.252	147.262
63947031	7d28f	DESeq2 with glmGamPoi	Cell	1500	63.682	8.08	71.705
63947031	7d28f	edgeR	Cell	1500	226.82	5.741	232.659
63947031	7d28f	DESeq2	Cell	1500	365.321	7.58	372.847
63947031	7d28f	glm_gp overdispersion = 0	Cell	2000	18.242	2.075	20.02
63947031	7d28f	glm_gp	Cell	2000	69.102	2.477	68.067
63947031	7d28f	glm_gp on disk	Cell	2000	173.56	6.592	176.475
63947031	7d28f	DESeq2 with glmGamPoi	Cell	2000	74.976	9.095	83.913
63947031	7d28f	edgeR	Cell	2000	291.642	7.147	298.838
63947031	7d28f	DESeq2	Cell	2000	603.453	12.028	615.546
63947031	7d28f	glm_gp overdispersion = 0	Cell	2500	22.825	2.479	24.924
63947031	7d28f	glm_gp	Cell	2500	82.844	3.397	83.021
63947031	7d28f	glm_gp on disk	Cell	2500	188.643	9.167	194.481
63947031	7d28f	DESeq2 with glmGamPoi	Cell	2500	92.072	10.548	102.464
63947031	7d28f	edgeR	Cell	2500	385.301	8.595	393.971
63947031	7d28f	DESeq2	Cell	2500	823.04	17.722	840.804
63947031	7d28f	glm_gp overdispersion = 0	Cell	3000	27.346	3.451	30.364
63947031	7d28f	glm_gp	Cell	3000	100.524	4.18	99.767
63947031	7d28f	glm_gp on disk	Cell	3000	234.038	9.544	238.41
63947031	7d28f	DESeq2 with glmGamPoi	Cell	3000	111.847	13.723	125.375
63947031	7d28f	edgeR	Cell	3000	505.692	11.845	517.714
63947031	7d28f	DESeq2	Cell	3000	1076.75	19.928	1096.797
63947031	7d28f	glm_gp overdispersion = 0	Cell	3500	31.914	3.35	34.863
63947031	7d28f	glm_gp	Cell	3500	115.066	4.651	113.657
63947031	7d28f	glm_gp on disk	Cell	3500	259.245	10.418	263.503
63947031	7d28f	DESeq2 with glmGamPoi	Cell	3500	130.986	14.077	144.901
63947031	7d28f	edgeR	Cell	3500	606.685	14.234	621.04
63947031	7d28f	DESeq2	Cell	3500	1299.779	22.624	1322.421
63947031	7d28f	glm_gp overdispersion = 0	Cell	4000	36.871	4.097	40.535
63947031	7d28f	glm_gp	Cell	4000	128.493	6.022	129.996
63947031	7d28f	glm_gp on disk	Cell	4000	298.059	13.607	307.063
63947031	7d28f	DESeq2 with glmGamPoi	Cell	4000	146.346	17.955	164.102
63947031	7d28f	edgeR	Cell	4000	663.358	16.167	679.633
63947031	7d28f	DESeq2	Cell	4000	1532.915	31.097	1564.01
63947031	7d28f	glm_gp overdispersion = 0	Gene	3000	3.208	0.162	3.302
63947031	7d28f	glm_gp	Gene	3000	10.993	0.282	11.222
63947031	7d28f	glm_gp on disk	Gene	3000	26.097	0.556	26.566
63947031	7d28f	DESeq2 with glmGamPoi	Gene	3000	14.985	0.418	15.358
63947031	7d28f	edgeR	Gene	3000	64.437	0.863	65.318
63947031	7d28f	DESeq2	Gene	3000	127.956	1.855	129.808
63947031	7d28f	glm_gp overdispersion = 0	Gene	6000	6.509	0.494	6.882
63947031	7d28f	glm_gp	Gene	6000	23.064	0.555	22.668
63947031	7d28f	glm_gp on disk	Gene	6000	59.338	2.583	60.954
63947031	7d28f	DESeq2 with glmGamPoi	Gene	6000	28.962	3.192	32.097
63947031	7d28f	edgeR	Gene	6000	129.923	1.746	131.699
63947031	7d28f	DESeq2	Gene	6000	294.725	3.618	298.367
63947031	7d28f	glm_gp overdispersion = 0	Gene	9000	11.055	0.932	11.821
63947031	7d28f	glm_gp	Gene	9000	37.405	1.263	37.392
63947031	7d28f	glm_gp on disk	Gene	9000	94.793	1.844	95.31
63947031	7d28f	DESeq2 with glmGamPoi	Gene	9000	49.461	3.509	52.878
63947031	7d28f	edgeR	Gene	9000	211.529	2.682	214.26
63947031	7d28f	DESeq2	Gene	9000	435.973	4.089	440.046
63947031	7d28f	glm_gp overdispersion = 0	Gene	12000	13.88	1.068	14.707
63947031	7d28f	glm_gp	Gene	12000	48.484	1.676	47.592
63947031	7d28f	glm_gp on disk	Gene	12000	121.389	3.405	122.181
63947031	7d28f	DESeq2 with glmGamPoi	Gene	12000	60.297	5.37	65.567
63947031	7d28f	edgeR	Gene	12000	280.762	4.977	285.786
63947031	7d28f	DESeq2	Gene	12000	575.625	9.923	585.604
63947031	7d28f	glm_gp overdispersion = 0	Gene	15000	18.928	1.994	20.606
63947031	7d28f	glm_gp	Gene	15000	63.576	2.661	64.104
63947031	7d28f	glm_gp on disk	Gene	15000	159.047	6.071	162.921
63947031	7d28f	DESeq2 with glmGamPoi	Gene	15000	82.335	8.403	90.625
63947031	7d28f	edgeR	Gene	15000	351.466	7.556	359.097
63947031	7d28f	DESeq2	Gene	15000	736.797	12.99	749.891
63947031	7d28f	glm_gp overdispersion = 0	Gene	18000	22.929	2.411	24.998
63947031	7d28f	glm_gp	Gene	18000	77.212	3.257	77.538
63947031	7d28f	glm_gp on disk	Gene	18000	181.12	7.703	185.877
63947031	7d28f	DESeq2 with glmGamPoi	Gene	18000	87.083	10.467	97.391
63947031	7d28f	edgeR	Gene	18000	431.369	9.045	440.485
63947031	7d28f	DESeq2	Gene	18000	922.45	15.371	937.977
63947031	7d28f	glm_gp overdispersion = 0	Gene	21000	26.727	3.04	29.376
63947031	7d28f	glm_gp	Gene	21000	86.257	4.098	87.55
63947031	7d28f	glm_gp on disk	Gene	21000	206.245	8.747	212.135
63947031	7d28f	DESeq2 with glmGamPoi	Gene	21000	108.422	13.527	121.765
63947031	7d28f	edgeR	Gene	21000	503.05	11.809	514.951
63947031	7d28f	DESeq2	Gene	21000	1110.211	23.882	1134.166
63947031	7d28f	glm_gp overdispersion = 0	Gene	24000	30.02	3.534	33.103
63947031	7d28f	glm_gp	Gene	24000	99.528	5.014	100.635
63947031	7d28f	glm_gp on disk	Gene	24000	240.639	10.832	247.423
63947031	7d28f	DESeq2 with glmGamPoi	Gene	24000	121.6	14.766	136.105
63947031	7d28f	edgeR	Gene	24000	624.733	15.408	640.367
63947031	7d28f	DESeq2	Gene	24000	1221.214	27.339	1248.562
63947031	7d28f	glm_gp overdispersion = 0	Gene	27000	33.203	3.734	36.485
63947031	7d28f	glm_gp	Gene	27000	111.653	5.41	112.477
63947031	7d28f	glm_gp on disk	Gene	27000	268.811	11.957	276.163
63947031	7d28f	DESeq2 with glmGamPoi	Gene	27000	138.782	17.012	155.609
63947031	7d28f	edgeR	Gene	27000	673.502	16.799	690.421
63947031	7d28f	DESeq2	Gene	27000	1353.146	27.127	1380.229
63947031	7d28f	glm_gp overdispersion = 0	Gene	30000	36.516	4.072	40.103
63947031	7d28f	glm_gp	Gene	30000	122.744	5.818	124.51
63947031	7d28f	glm_gp on disk	Gene	30000	301.619	13.639	311.217
63947031	7d28f	DESeq2 with glmGamPoi	Gene	30000	156.713	21.95	178.434
63947031	7d28f	edgeR	Gene	30000	779.077	25.639	804.909
63947031	7d28f	DESeq2	Gene	30000	1545.006	41.544	1586.659
63947032	51db1	glm_gp overdispersion = 0	Cell	500	6.026	1.059	6.913
63947032	51db1	glm_gp	Cell	500	30.963	0.632	27.605
63947032	51db1	glm_gp on disk	Cell	500	56.454	2.139	54.536
63947032	51db1	DESeq2 with glmGamPoi	Cell	500	24.307	2.057	26.251
63947032	51db1	edgeR	Cell	500	67.448	1.632	69.042
63947032	51db1	DESeq2	Cell	500	76.694	2.33	78.914
63947032	51db1	glm_gp overdispersion = 0	Cell	1000	10.309	1.637	11.655
63947032	51db1	glm_gp	Cell	1000	44.682	1.853	42.402
63947032	51db1	glm_gp on disk	Cell	1000	92.942	3.739	92.459
63947032	51db1	DESeq2 with glmGamPoi	Cell	1000	42.283	4.575	46.694
63947032	51db1	edgeR	Cell	1000	139.473	4.56	143.989
63947032	51db1	DESeq2	Cell	1000	208.978	6.007	214.819
63947032	51db1	glm_gp overdispersion = 0	Cell	1500	14.742	2.401	16.768
63947032	51db1	glm_gp	Cell	1500	58.751	2.925	57.979
63947032	51db1	glm_gp on disk	Cell	1500	136.529	6.949	139.571
63947032	51db1	DESeq2 with glmGamPoi	Cell	1500	59.748	8.914	68.445
63947032	51db1	edgeR	Cell	1500	218.83	6.95	225.736
63947032	51db1	DESeq2	Cell	1500	377.662	10.266	387.704
63947032	51db1	glm_gp overdispersion = 0	Cell	2000	18.183	3.047	20.744
63947032	51db1	glm_gp	Cell	2000	70.03	3.627	69.986
63947032	51db1	glm_gp on disk	Cell	2000	172.884	9.971	178.572
63947032	51db1	DESeq2 with glmGamPoi	Cell	2000	76.787	13.167	89.678
63947032	51db1	edgeR	Cell	2000	301.478	12.407	313.862
63947032	51db1	DESeq2	Cell	2000	602.92	15.736	618.373
63947032	51db1	glm_gp overdispersion = 0	Cell	2500	22.63	3.742	25.843
63947032	51db1	glm_gp	Cell	2500	91.831	5.302	90.426
63947032	51db1	glm_gp on disk	Cell	2500	194.786	11.837	199.231
63947032	51db1	DESeq2 with glmGamPoi	Cell	2500	96.877	16.292	112.836
63947032	51db1	edgeR	Cell	2500	366.852	12.714	379.541
63947032	51db1	DESeq2	Cell	2500	806.744	19.759	826.167
63947032	51db1	glm_gp overdispersion = 0	Cell	3000	26.906	4.452	30.771
63947032	51db1	glm_gp	Cell	3000	101.075	5.875	102.146
63947032	51db1	glm_gp on disk	Cell	3000	227.877	14.346	236.626
63947032	51db1	DESeq2 with glmGamPoi	Cell	3000	116.391	23.14	139.151
63947032	51db1	edgeR	Cell	3000	466.656	18.207	484.82
63947032	51db1	DESeq2	Cell	3000	1080.183	27.242	1107.033
63947032	51db1	glm_gp overdispersion = 0	Cell	3500	32.114	5.42	36.92
63947032	51db1	glm_gp	Cell	3500	118.958	7.485	120.388
63947032	51db1	glm_gp on disk	Cell	3500	254.517	16.267	264.903
63947032	51db1	DESeq2 with glmGamPoi	Cell	3500	134.691	22.589	156.898
63947032	51db1	edgeR	Cell	3500	593.103	18.939	612.019
63947032	51db1	DESeq2	Cell	3500	1372.794	30.495	1402.91
63947032	51db1	glm_gp overdispersion = 0	Cell	4000	37.552	6.014	42.767
63947032	51db1	glm_gp	Cell	4000	133.124	8.616	136.726
63947032	51db1	glm_gp on disk	Cell	4000	295.332	20.037	309.459
63947032	51db1	DESeq2 with glmGamPoi	Cell	4000	155.31	28.069	182.883
63947032	51db1	edgeR	Cell	4000	704.983	24.506	729.449
63947032	51db1	DESeq2	Cell	4000	1660.227	39.244	1698.981
63947032	51db1	glm_gp overdispersion = 0	Gene	3000	3.306	0.2	3.381
63947032	51db1	glm_gp	Gene	3000	11.18	0.333	11.391
63947032	51db1	glm_gp on disk	Gene	3000	26.092	0.636	26.519
63947032	51db1	DESeq2 with glmGamPoi	Gene	3000	15.373	0.425	15.714
63947032	51db1	edgeR	Gene	3000	60.914	0.806	61.72
63947032	51db1	DESeq2	Gene	3000	134.403	1.2	135.512
63947032	51db1	glm_gp overdispersion = 0	Gene	6000	6.723	0.421	6.985
63947032	51db1	glm_gp	Gene	6000	24.684	0.556	24.16
63947032	51db1	glm_gp on disk	Gene	6000	59.888	2.584	61.139
63947032	51db1	DESeq2 with glmGamPoi	Gene	6000	30.655	3.185	33.712
63947032	51db1	edgeR	Gene	6000	126.309	2.193	128.501
63947032	51db1	DESeq2	Gene	6000	312.412	3.572	315.903
63947032	51db1	glm_gp overdispersion = 0	Gene	9000	9.807	0.94	10.593
63947032	51db1	glm_gp	Gene	9000	33.981	1.414	34.151
63947032	51db1	glm_gp on disk	Gene	9000	80.124	2.83	81.612
63947032	51db1	DESeq2 with glmGamPoi	Gene	9000	42.335	5.125	47.315
63947032	51db1	edgeR	Gene	9000	189.562	5.191	194.752
63947032	51db1	DESeq2	Gene	9000	460.748	7.632	468.239
63947032	51db1	glm_gp overdispersion = 0	Gene	12000	13.49	1.483	14.7
63947032	51db1	glm_gp	Gene	12000	47.479	2.65	47.498
63947032	51db1	glm_gp on disk	Gene	12000	110.488	6.826	114.627
63947032	51db1	DESeq2 with glmGamPoi	Gene	12000	55.877	8.707	64.41
63947032	51db1	edgeR	Gene	12000	258.842	7.58	266.421
63947032	51db1	DESeq2	Gene	12000	625.294	12.271	637.367
63947032	51db1	glm_gp overdispersion = 0	Gene	15000	16.985	2.44	19.085
63947032	51db1	glm_gp	Gene	15000	57.512	3.146	58.58
63947032	51db1	glm_gp on disk	Gene	15000	136.669	7.339	141.888
63947032	51db1	DESeq2 with glmGamPoi	Gene	15000	71.155	11.945	82.876
63947032	51db1	edgeR	Gene	15000	330.56	9.756	340.314
63947032	51db1	DESeq2	Gene	15000	803.476	15.635	818.864
63947032	51db1	glm_gp overdispersion = 0	Gene	18000	20.86	3.335	23.827
63947032	51db1	glm_gp	Gene	18000	70.698	4.408	72.298
63947032	51db1	glm_gp on disk	Gene	18000	162.65	5.992	165.772
63947032	51db1	DESeq2 with glmGamPoi	Gene	18000	84.436	12.445	96.683
63947032	51db1	edgeR	Gene	18000	407.846	12.523	420.363
63947032	51db1	DESeq2	Gene	18000	978.05	19.499	997.309
63947032	51db1	glm_gp overdispersion = 0	Gene	21000	25.094	3.905	28.467
63947032	51db1	glm_gp	Gene	21000	82.046	5.122	84.586
63947032	51db1	glm_gp on disk	Gene	21000	189.969	10.443	197.539
63947032	51db1	DESeq2 with glmGamPoi	Gene	21000	100.259	18.041	118.002
63947032	51db1	edgeR	Gene	21000	548.876	18.391	567.264
63947032	51db1	DESeq2	Gene	21000	1503.092	29.678	1532.381
63947032	51db1	glm_gp overdispersion = 0	Gene	24000	29.546	4.045	32.954
63947032	51db1	glm_gp	Gene	24000	115.133	7.341	115.828
63947032	51db1	glm_gp on disk	Gene	24000	252.244	18.02	262.933
63947032	51db1	DESeq2 with glmGamPoi	Gene	24000	132.418	24.026	156.011
63947032	51db1	edgeR	Gene	24000	628.004	20.725	648.694
63947032	51db1	DESeq2	Gene	24000	1544.986	33.615	1578.174
63947032	51db1	glm_gp overdispersion = 0	Gene	27000	33.699	5.657	38.72
63947032	51db1	glm_gp	Gene	27000	121.141	7.576	124.273
63947032	51db1	glm_gp on disk	Gene	27000	256.118	16.605	267.777
63947032	51db1	DESeq2 with glmGamPoi	Gene	27000	129.122	22.696	151.365
63947032	51db1	edgeR	Gene	27000	642.543	20.245	662.746
63947032	51db1	DESeq2	Gene	27000	1575.305	34.049	1608.921
63947032	51db1	glm_gp overdispersion = 0	Gene	30000	35.759	5.799	40.821
63947032	51db1	glm_gp	Gene	30000	120.386	7.918	123.728
63947032	51db1	glm_gp on disk	Gene	30000	278.13	17.587	290.23
63947032	51db1	DESeq2 with glmGamPoi	Gene	30000	142.4	24.627	166.55
63947032	51db1	edgeR	Gene	30000	699.849	23.82	723.628
63947032	51db1	DESeq2	Gene	30000	1681.319	36.576	1717.422
63947035	9895c	glm_gp overdispersion = 0	Cell	500	5.997	1.025	7.18
63947035	9895c	glm_gp	Cell	500	31.06	0.761	27.849
63947035	9895c	glm_gp on disk	Cell	500	55.91	2.089	54.454
63947035	9895c	DESeq2 with glmGamPoi	Cell	500	24.347	1.978	26.263
63947035	9895c	edgeR	Cell	500	67.616	1.575	69.163
63947035	9895c	DESeq2	Cell	500	77.523	2.278	79.742
63947035	9895c	glm_gp overdispersion = 0	Cell	1000	10.372	1.428	11.606
63947035	9895c	glm_gp	Cell	1000	44.976	1.747	42.559
63947035	9895c	glm_gp on disk	Cell	1000	92.653	3.606	92.264
63947035	9895c	DESeq2 with glmGamPoi	Cell	1000	41.972	4.655	46.531
63947035	9895c	edgeR	Cell	1000	136.833	3.719	140.529
63947035	9895c	DESeq2	Cell	1000	214.623	5.878	220.429
63947035	9895c	glm_gp overdispersion = 0	Cell	1500	14.667	2.293	16.681
63947035	9895c	glm_gp	Cell	1500	59.114	2.715	58.162
63947035	9895c	glm_gp on disk	Cell	1500	136.997	7.412	140.782
63947035	9895c	DESeq2 with glmGamPoi	Cell	1500	60.354	10.419	70.584
63947035	9895c	edgeR	Cell	1500	221.087	7.308	228.373
63947035	9895c	DESeq2	Cell	1500	375.817	10.499	386.165
63947035	9895c	glm_gp overdispersion = 0	Cell	2000	18.142	3.067	20.841
63947035	9895c	glm_gp	Cell	2000	70.613	3.842	70.817
63947035	9895c	glm_gp on disk	Cell	2000	173.258	10.743	180.183
63947035	9895c	DESeq2 with glmGamPoi	Cell	2000	77.201	13.48	90.468
63947035	9895c	edgeR	Cell	2000	293.306	10.873	304.156
63947035	9895c	DESeq2	Cell	2000	602.023	16.355	618.085
63947035	9895c	glm_gp overdispersion = 0	Cell	2500	22.43	3.975	25.971
63947035	9895c	glm_gp	Cell	2500	90.977	5.428	89.743
63947035	9895c	glm_gp on disk	Cell	2500	192.495	12.139	197.845
63947035	9895c	DESeq2 with glmGamPoi	Cell	2500	97.165	16.686	113.612
63947035	9895c	edgeR	Cell	2500	368.447	12.933	381.359
63947035	9895c	DESeq2	Cell	2500	799.123	25.925	824.734
63947035	9895c	glm_gp overdispersion = 0	Cell	3000	27.11	4.616	31.231
63947035	9895c	glm_gp	Cell	3000	101.805	6.352	103.411
63947035	9895c	glm_gp on disk	Cell	3000	229.212	15.318	239.25
63947035	9895c	DESeq2 with glmGamPoi	Cell	3000	117.347	22.263	139.288
63947035	9895c	edgeR	Cell	3000	463.167	17.362	480.511
63947035	9895c	DESeq2	Cell	3000	1092.552	28.508	1120.734
63947035	9895c	glm_gp overdispersion = 0	Cell	3500	32.889	5.771	38.015
63947035	9895c	glm_gp	Cell	3500	118.895	7.433	120.571
63947035	9895c	glm_gp on disk	Cell	3500	258.196	17.499	269.794
63947035	9895c	DESeq2 with glmGamPoi	Cell	3500	138.297	24.067	161.932
63947035	9895c	edgeR	Cell	3500	606.771	19.834	626.566
63947035	9895c	DESeq2	Cell	3500	1357.69	31.738	1389.009
63947035	9895c	glm_gp overdispersion = 0	Cell	4000	37.635	6.146	42.967
63947035	9895c	glm_gp	Cell	4000	133.787	8.838	137.638
63947035	9895c	glm_gp on disk	Cell	4000	296.355	19.782	310.173
63947035	9895c	DESeq2 with glmGamPoi	Cell	4000	154.892	27.064	181.488
63947035	9895c	edgeR	Cell	4000	705.41	25.341	730.732
63947035	9895c	DESeq2	Cell	4000	1641.648	38.142	1679.303
63947035	9895c	glm_gp overdispersion = 0	Gene	3000	3.2	0.143	3.234
63947035	9895c	glm_gp	Gene	3000	10.948	0.253	11.093
63947035	9895c	glm_gp on disk	Gene	3000	25.606	0.726	26.122
63947035	9895c	DESeq2 with glmGamPoi	Gene	3000	15.041	0.39	15.344
63947035	9895c	edgeR	Gene	3000	60.829	0.811	61.64
63947035	9895c	DESeq2	Gene	3000	132.609	1.322	133.836
63947035	9895c	glm_gp overdispersion = 0	Gene	6000	6.633	0.33	6.801
63947035	9895c	glm_gp	Gene	6000	24.132	0.466	23.578
63947035	9895c	glm_gp on disk	Gene	6000	58.482	2.363	59.549
63947035	9895c	DESeq2 with glmGamPoi	Gene	6000	30.27	3.119	33.256
63947035	9895c	edgeR	Gene	6000	124.699	2.107	126.806
63947035	9895c	DESeq2	Gene	6000	307.551	3.577	311.001
63947035	9895c	glm_gp overdispersion = 0	Gene	9000	9.909	1.303	10.981
63947035	9895c	glm_gp	Gene	9000	34.225	1.533	34.511
63947035	9895c	glm_gp on disk	Gene	9000	81.011	2.666	82.07
63947035	9895c	DESeq2 with glmGamPoi	Gene	9000	43.068	5.206	48.078
63947035	9895c	edgeR	Gene	9000	190.739	5.054	195.796
63947035	9895c	DESeq2	Gene	9000	463.586	7.118	470.578
63947035	9895c	glm_gp overdispersion = 0	Gene	12000	13.663	2.196	15.489
63947035	9895c	glm_gp	Gene	12000	48.25	2.617	48.089
63947035	9895c	glm_gp on disk	Gene	12000	112.762	4.596	114.327
63947035	9895c	DESeq2 with glmGamPoi	Gene	12000	57.262	7.516	64.539
63947035	9895c	edgeR	Gene	12000	302.863	9.31	312.184
63947035	9895c	DESeq2	Gene	12000	809.975	15.913	825.648
63947035	9895c	glm_gp overdispersion = 0	Gene	15000	19.285	3.311	22.136
63947035	9895c	glm_gp	Gene	15000	68.67	4.588	70.778
63947035	9895c	glm_gp on disk	Gene	15000	157.847	9.491	164.488
63947035	9895c	DESeq2 with glmGamPoi	Gene	15000	84.46	14.533	98.719
63947035	9895c	edgeR	Gene	15000	395.992	10.816	406.814
63947035	9895c	DESeq2	Gene	15000	1080.293	18.339	1098.481
63947035	9895c	glm_gp overdispersion = 0	Gene	18000	24.651	3.581	27.699
63947035	9895c	glm_gp	Gene	18000	87.187	5.246	89.16
63947035	9895c	glm_gp on disk	Gene	18000	193.104	8.08	197.648
63947035	9895c	DESeq2 with glmGamPoi	Gene	18000	104.695	16.655	121.064
63947035	9895c	edgeR	Gene	18000	490.167	14.535	504.702
63947035	9895c	DESeq2	Gene	18000	1373.996	25.736	1399.415
63947035	9895c	glm_gp overdispersion = 0	Gene	21000	28.834	4.737	32.966
63947035	9895c	glm_gp	Gene	21000	101.067	7.177	105.076
63947035	9895c	glm_gp on disk	Gene	21000	211.236	9.652	217.574
63947035	9895c	DESeq2 with glmGamPoi	Gene	21000	103.164	17.523	120.318
63947035	9895c	edgeR	Gene	21000	496.75	16.154	512.9
63947035	9895c	DESeq2	Gene	21000	1248.698	25.985	1274.327
63947035	9895c	glm_gp overdispersion = 0	Gene	24000	27.953	4.748	32.079
63947035	9895c	glm_gp	Gene	24000	100.859	6.154	100.762
63947035	9895c	glm_gp on disk	Gene	24000	227.543	14.402	234.971
63947035	9895c	DESeq2 with glmGamPoi	Gene	24000	114.715	19.583	133.892
63947035	9895c	edgeR	Gene	24000	567.845	18.2	586.007
63947035	9895c	DESeq2	Gene	24000	1352.936	30.473	1383.009
63947035	9895c	glm_gp overdispersion = 0	Gene	27000	32.403	5.029	36.75
63947035	9895c	glm_gp	Gene	27000	108.705	6.85	111.414
63947035	9895c	glm_gp on disk	Gene	27000	245.781	15.886	256.789
63947035	9895c	DESeq2 with glmGamPoi	Gene	27000	130.487	22.829	152.872
63947035	9895c	edgeR	Gene	27000	644.175	20.887	665.026
63947035	9895c	DESeq2	Gene	27000	1602.832	38.65	1641.042
63947035	9895c	glm_gp overdispersion = 0	Gene	30000	37.075	6.789	42.996
63947035	9895c	glm_gp	Gene	30000	126.493	10.767	132.616
63947035	9895c	glm_gp on disk	Gene	30000	287.097	18.73	300.876
63947035	9895c	DESeq2 with glmGamPoi	Gene	30000	148.092	29.021	176.69
63947035	9895c	edgeR	Gene	30000	716.186	28.234	744.404
63947035	9895c	DESeq2	Gene	30000	1678.709	39.103	1717.389
63947036	9e804	glm_gp overdispersion = 0	Cell	500	8.103	0.772	8.899
63947036	9e804	glm_gp	Cell	500	41.263	0.547	39.737
63947036	9e804	glm_gp on disk	Cell	500	70.367	1.405	70.07
63947036	9e804	DESeq2 with glmGamPoi	Cell	500	34.189	1.583	35.743
63947036	9e804	edgeR	Cell	500	88.981	0.904	89.896
63947036	9e804	DESeq2	Cell	500	102.095	1.279	103.383
63947036	9e804	glm_gp overdispersion = 0	Cell	1000	13.238	0.981	14.07
63947036	9e804	glm_gp	Cell	1000	58.157	1.402	57.652
63947036	9e804	glm_gp on disk	Cell	1000	115.29	2.699	115.928
63947036	9e804	DESeq2 with glmGamPoi	Cell	1000	56.99	4.065	60.957
63947036	9e804	edgeR	Cell	1000	186.704	3.058	189.757
63947036	9e804	DESeq2	Cell	1000	311.194	4.495	315.62
63947036	9e804	glm_gp overdispersion = 0	Cell	1500	19.867	1.7	21.382
63947036	9e804	glm_gp	Cell	1500	77.355	2.151	78.134
63947036	9e804	glm_gp on disk	Cell	1500	170.871	6.015	175.555
63947036	9e804	DESeq2 with glmGamPoi	Cell	1500	82.154	8.271	90.344
63947036	9e804	edgeR	Cell	1500	325.868	7.274	333.149
63947036	9e804	DESeq2	Cell	1500	609.882	10.476	620.247
63947036	9e804	glm_gp overdispersion = 0	Cell	2000	28.024	2.766	30.482
63947036	9e804	glm_gp	Cell	2000	98.392	4.344	100.852
63947036	9e804	glm_gp on disk	Cell	2000	212.269	10.332	220.399
63947036	9e804	DESeq2 with glmGamPoi	Cell	2000	94.516	12.476	106.753
63947036	9e804	edgeR	Cell	2000	386.035	9.825	395.847
63947036	9e804	DESeq2	Cell	2000	872.73	14.901	887.378
63947036	9e804	glm_gp overdispersion = 0	Cell	2500	34.499	3.709	37.679
63947036	9e804	glm_gp	Cell	2500	112.841	5.116	114.525
63947036	9e804	glm_gp on disk	Cell	2500	215.008	11.318	222.849
63947036	9e804	DESeq2 with glmGamPoi	Cell	2500	118.567	16.261	134.506
63947036	9e804	edgeR	Cell	2500	469.127	12.605	481.722
63947036	9e804	DESeq2	Cell	2500	1075.938	19.4	1095.018
63947036	9e804	glm_gp overdispersion = 0	Cell	3000	41.319	4.701	45.398
63947036	9e804	glm_gp	Cell	3000	131.745	6.097	135.346
63947036	9e804	glm_gp on disk	Cell	3000	255.753	11.045	264.394
63947036	9e804	DESeq2 with glmGamPoi	Cell	3000	139.626	16.523	155.818
63947036	9e804	edgeR	Cell	3000	572.104	14.151	586.246
63947036	9e804	DESeq2	Cell	3000	1486.109	26.571	1512.315
63947036	9e804	glm_gp overdispersion = 0	Cell	3500	48.19	5.806	53.282
63947036	9e804	glm_gp	Cell	3500	145.85	7.017	149.736
63947036	9e804	glm_gp on disk	Cell	3500	283.335	17.136	297.146
63947036	9e804	DESeq2 with glmGamPoi	Cell	3500	163.299	24.186	187.043
63947036	9e804	edgeR	Cell	3500	721.54	19.21	740.739
63947036	9e804	DESeq2	Cell	3500	1767.95	29.373	1796.89
63947036	9e804	glm_gp overdispersion = 0	Cell	4000	54.778	5.715	59.694
63947036	9e804	glm_gp	Cell	4000	170.961	8.72	177
63947036	9e804	glm_gp on disk	Cell	4000	327.246	19.564	343.748
63947036	9e804	DESeq2 with glmGamPoi	Cell	4000	186.468	25.82	211.787
63947036	9e804	edgeR	Cell	4000	844.874	26.224	871.098
63947036	9e804	DESeq2	Cell	4000	2086.26	39.729	2125.501
63947036	9e804	glm_gp overdispersion = 0	Gene	3000	3.912	0.125	3.977
63947036	9e804	glm_gp	Gene	3000	13.477	0.18	13.614
63947036	9e804	glm_gp on disk	Gene	3000	29.28	0.677	29.888
63947036	9e804	DESeq2 with glmGamPoi	Gene	3000	18.134	0.457	18.556
63947036	9e804	edgeR	Gene	3000	75.836	0.757	76.593
63947036	9e804	DESeq2	Gene	3000	173.924	1	174.892
63947036	9e804	glm_gp overdispersion = 0	Gene	6000	8.296	0.362	8.563
63947036	9e804	glm_gp	Gene	6000	29.575	0.366	28.735
63947036	9e804	glm_gp on disk	Gene	6000	64.896	2.525	66.138
63947036	9e804	DESeq2 with glmGamPoi	Gene	6000	35.421	3.515	38.853
63947036	9e804	edgeR	Gene	6000	150.471	2.419	152.888
63947036	9e804	DESeq2	Gene	6000	362.119	3.745	365.786
63947036	9e804	glm_gp overdispersion = 0	Gene	9000	13.833	1.278	14.883
63947036	9e804	glm_gp	Gene	9000	44.986	1.333	44.772
63947036	9e804	glm_gp on disk	Gene	9000	92.108	2.269	92.901
63947036	9e804	DESeq2 with glmGamPoi	Gene	9000	52.359	5.2	57.398
63947036	9e804	edgeR	Gene	9000	268.188	4.541	272.727
63947036	9e804	DESeq2	Gene	9000	679.446	6.85	686.171
63947036	9e804	glm_gp overdispersion = 0	Gene	12000	22.494	2.06	24.259
63947036	9e804	glm_gp	Gene	12000	74.431	2.956	74.678
63947036	9e804	glm_gp on disk	Gene	12000	148.997	3.698	150.057
63947036	9e804	DESeq2 with glmGamPoi	Gene	12000	80.879	7.942	88.633
63947036	9e804	edgeR	Gene	12000	363.538	7.751	371.289
63947036	9e804	DESeq2	Gene	12000	884.461	11.776	896.046
63947036	9e804	glm_gp overdispersion = 0	Gene	15000	28.725	2.815	31.169
63947036	9e804	glm_gp	Gene	15000	88.812	3.907	91.005
63947036	9e804	glm_gp on disk	Gene	15000	183.085	7.795	189.198
63947036	9e804	DESeq2 with glmGamPoi	Gene	15000	103.454	12.694	115.951
63947036	9e804	edgeR	Gene	15000	465.04	9.138	474.178
63947036	9e804	DESeq2	Gene	15000	1127.958	15.618	1143.339
63947036	9e804	glm_gp overdispersion = 0	Gene	18000	34.582	3.645	37.796
63947036	9e804	glm_gp	Gene	18000	109.475	4.818	112.287
63947036	9e804	glm_gp on disk	Gene	18000	212.961	8.132	219.185
63947036	9e804	DESeq2 with glmGamPoi	Gene	18000	124.027	14.666	138.417
63947036	9e804	edgeR	Gene	18000	569.262	12.475	581.735
63947036	9e804	DESeq2	Gene	18000	1384.095	19.37	1403.188
63947036	9e804	glm_gp overdispersion = 0	Gene	21000	41.217	4.011	44.728
63947036	9e804	glm_gp	Gene	21000	128.737	5.4	132.261
63947036	9e804	glm_gp on disk	Gene	21000	253.343	11.963	263.31
63947036	9e804	DESeq2 with glmGamPoi	Gene	21000	148.261	18.799	166.727
63947036	9e804	edgeR	Gene	21000	680.256	15.963	696.218
63947036	9e804	DESeq2	Gene	21000	1654.82	24.044	1678.559
63947036	9e804	glm_gp overdispersion = 0	Gene	24000	43.25	3.802	46.401
63947036	9e804	glm_gp	Gene	24000	149.141	5.593	150.318
63947036	9e804	glm_gp on disk	Gene	24000	298.735	11.896	306.509
63947036	9e804	DESeq2 with glmGamPoi	Gene	24000	164.915	18.142	182.648
63947036	9e804	edgeR	Gene	24000	807.556	19.413	826.966
63947036	9e804	DESeq2	Gene	24000	1879.837	30.089	1909.523
63947036	9e804	glm_gp overdispersion = 0	Gene	27000	54.175	5.371	58.828
63947036	9e804	glm_gp	Gene	27000	167.574	7.491	172.314
63947036	9e804	glm_gp on disk	Gene	27000	322.03	15.864	334.933
63947036	9e804	DESeq2 with glmGamPoi	Gene	27000	188.633	24.502	212.682
63947036	9e804	edgeR	Gene	27000	908.214	23.009	931.221
63947036	9e804	DESeq2	Gene	27000	2132.12	36.338	2168.013
63947036	9e804	glm_gp overdispersion = 0	Gene	30000	59.634	6.203	65.041
63947036	9e804	glm_gp	Gene	30000	187.235	8.873	193.368
63947036	9e804	glm_gp on disk	Gene	30000	366.087	18.816	382.557
63947036	9e804	DESeq2 with glmGamPoi	Gene	30000	210.115	29.127	238.774
63947036	9e804	edgeR	Gene	30000	983.89	28.185	1012.074
63947036	9e804	DESeq2	Gene	30000	2378.948	44.51	2422.955
63947037	38e91	glm_gp overdispersion = 0	Cell	500	8.018	0.768	8.736
63947037	38e91	glm_gp	Cell	500	40.766	0.532	39.612
63947037	38e91	glm_gp on disk	Cell	500	70.033	1.196	69.57
63947037	38e91	DESeq2 with glmGamPoi	Cell	500	33.414	1.062	34.45
63947037	38e91	edgeR	Cell	500	87.65	0.855	88.5
63947037	38e91	DESeq2	Cell	500	101.969	1.248	103.215
63947037	38e91	glm_gp overdispersion = 0	Cell	1000	12.604	0.808	13.297
63947037	38e91	glm_gp	Cell	1000	55.79	0.844	55.189
63947037	38e91	glm_gp on disk	Cell	1000	114.581	2.511	115.645
63947037	38e91	DESeq2 with glmGamPoi	Cell	1000	57.638	3.051	60.639
63947037	38e91	edgeR	Cell	1000	176.614	2.66	179.326
63947037	38e91	DESeq2	Cell	1000	285.418	3.8	289.203
63947037	38e91	glm_gp overdispersion = 0	Cell	1500	20.5	2.146	22.44
63947037	38e91	glm_gp	Cell	1500	76.988	3.015	78.656
63947037	38e91	glm_gp on disk	Cell	1500	166.136	4.764	169.568
63947037	38e91	DESeq2 with glmGamPoi	Cell	1500	77.833	3.962	81.729
63947037	38e91	edgeR	Cell	1500	281.981	3.462	285.426
63947037	38e91	DESeq2	Cell	1500	456.136	4.28	460.295
63947037	38e91	glm_gp overdispersion = 0	Cell	2000	18.865	1.318	19.951
63947037	38e91	glm_gp	Cell	2000	78.411	1.474	78.501
63947037	38e91	glm_gp on disk	Cell	2000	189.438	4.193	192.251
63947037	38e91	DESeq2 with glmGamPoi	Cell	2000	88.658	5.304	93.817
63947037	38e91	edgeR	Cell	2000	335.253	3.765	338.995
63947037	38e91	DESeq2	Cell	2000	690.37	5.298	695.493
63947037	38e91	glm_gp overdispersion = 0	Cell	2500	24.406	1.786	25.9
63947037	38e91	glm_gp	Cell	2500	104.376	2.749	104.603
63947037	38e91	glm_gp on disk	Cell	2500	213.829	6.012	217.336
63947037	38e91	DESeq2 with glmGamPoi	Cell	2500	112.952	9.34	122.103
63947037	38e91	edgeR	Cell	2500	428.615	5.753	434.343
63947037	38e91	DESeq2	Cell	2500	932.365	9.348	941.467
63947037	38e91	glm_gp overdispersion = 0	Cell	3000	27.188	2.027	28.868
63947037	38e91	glm_gp	Cell	3000	115.034	2.818	116.088
63947037	38e91	glm_gp on disk	Cell	3000	253.196	5.928	257.425
63947037	38e91	DESeq2 with glmGamPoi	Cell	3000	132.153	9.839	141.742
63947037	38e91	edgeR	Cell	3000	576.932	10.225	587.123
63947037	38e91	DESeq2	Cell	3000	1438.268	16.24	1454.116
63947037	38e91	glm_gp overdispersion = 0	Cell	3500	40.129	3.988	43.595
63947037	38e91	glm_gp	Cell	3500	137.219	5.043	140.026
63947037	38e91	glm_gp on disk	Cell	3500	280.845	10.494	289.06
63947037	38e91	DESeq2 with glmGamPoi	Cell	3500	158.74	13.952	172.382
63947037	38e91	edgeR	Cell	3500	671.772	11.035	682.768
63947037	38e91	DESeq2	Cell	3500	1474.33	19.601	1493.532
63947037	38e91	glm_gp overdispersion = 0	Cell	4000	45.021	4.492	48.829
63947037	38e91	glm_gp	Cell	4000	150.366	4.836	153.23
63947037	38e91	glm_gp on disk	Cell	4000	323.94	11.945	333.963
63947037	38e91	DESeq2 with glmGamPoi	Cell	4000	182.374	21.618	203.544
63947037	38e91	edgeR	Cell	4000	820.237	20.171	840.375
63947037	38e91	DESeq2	Cell	4000	2155.26	29.686	2184.419
63947037	38e91	glm_gp overdispersion = 0	Gene	3000	3.102	0.013	3.088
63947037	38e91	glm_gp	Gene	3000	12.635	0.021	12.628
63947037	38e91	glm_gp on disk	Gene	3000	29.003	0.249	29.217
63947037	38e91	DESeq2 with glmGamPoi	Gene	3000	17.831	0.105	17.92
63947037	38e91	edgeR	Gene	3000	71.574	0.305	71.876
63947037	38e91	DESeq2	Gene	3000	156.257	0.244	156.473
63947037	38e91	glm_gp overdispersion = 0	Gene	6000	6.443	0.29	6.641
63947037	38e91	glm_gp	Gene	6000	26.908	0.152	25.795
63947037	38e91	glm_gp on disk	Gene	6000	63.442	1.25	63.392
63947037	38e91	DESeq2 with glmGamPoi	Gene	6000	33.539	1.896	35.384
63947037	38e91	edgeR	Gene	6000	142.032	1.065	143.088
63947037	38e91	DESeq2	Gene	6000	331.037	1.102	332.076
63947037	38e91	glm_gp overdispersion = 0	Gene	9000	9.493	0.508	9.898
63947037	38e91	glm_gp	Gene	9000	40.516	0.689	39.861
63947037	38e91	glm_gp on disk	Gene	9000	91.658	0.665	91.018
63947037	38e91	DESeq2 with glmGamPoi	Gene	9000	49.744	1.828	51.516
63947037	38e91	edgeR	Gene	9000	212.582	1.583	214.154
63947037	38e91	DESeq2	Gene	9000	501.013	2.442	503.339
63947037	38e91	glm_gp overdispersion = 0	Gene	12000	12.738	0.716	13.276
63947037	38e91	glm_gp	Gene	12000	53.824	0.835	52.216
63947037	38e91	glm_gp on disk	Gene	12000	126.632	1.459	125.622
63947037	38e91	DESeq2 with glmGamPoi	Gene	12000	65.881	2.944	68.704
63947037	38e91	edgeR	Gene	12000	288.303	2.407	290.694
63947037	38e91	DESeq2	Gene	12000	711.734	3.317	714.943
63947037	38e91	glm_gp overdispersion = 0	Gene	15000	18.324	1.184	19.254
63947037	38e91	glm_gp	Gene	15000	77.147	1.361	76.894
63947037	38e91	glm_gp on disk	Gene	15000	179.746	2.836	180.968
63947037	38e91	DESeq2 with glmGamPoi	Gene	15000	96.168	6.939	102.932
63947037	38e91	edgeR	Gene	15000	426.699	4.165	430.84
63947037	38e91	DESeq2	Gene	15000	933.283	6.175	939.247
63947037	38e91	glm_gp overdispersion = 0	Gene	18000	22.018	1.541	23.229
63947037	38e91	glm_gp	Gene	18000	92.263	2.103	92.493
63947037	38e91	glm_gp on disk	Gene	18000	208.941	3.517	210.608
63947037	38e91	DESeq2 with glmGamPoi	Gene	18000	112.266	7.62	119.699
63947037	38e91	edgeR	Gene	18000	450.135	6.723	456.836
63947037	38e91	DESeq2	Gene	18000	1083.525	10.77	1094.037
63947037	38e91	glm_gp overdispersion = 0	Gene	21000	25.423	2.3	27.334
63947037	38e91	glm_gp	Gene	21000	95.248	2.357	96.188
63947037	38e91	glm_gp on disk	Gene	21000	212.059	4.344	215.041
63947037	38e91	DESeq2 with glmGamPoi	Gene	21000	125.936	10.481	136.211
63947037	38e91	edgeR	Gene	21000	592.388	11.886	604.243
63947037	38e91	DESeq2	Gene	21000	1438.419	16.846	1454.952
63947037	38e91	glm_gp overdispersion = 0	Gene	24000	33.6	3.169	36.319
63947037	38e91	glm_gp	Gene	24000	116.364	3.635	116.808
63947037	38e91	glm_gp on disk	Gene	24000	256.705	5.749	259.57
63947037	38e91	DESeq2 with glmGamPoi	Gene	24000	136.723	11.26	147.694
63947037	38e91	edgeR	Gene	24000	647.357	11.169	658.491
63947037	38e91	DESeq2	Gene	24000	1646.4	19.45	1665.546
63947037	38e91	glm_gp overdispersion = 0	Gene	27000	37.776	3.593	40.859
63947037	38e91	glm_gp	Gene	27000	128.749	4.717	131.471
63947037	38e91	glm_gp on disk	Gene	27000	274.614	8.422	281.019
63947037	38e91	DESeq2 with glmGamPoi	Gene	27000	157.807	17.309	174.711
63947037	38e91	edgeR	Gene	27000	716.395	14.05	730.406
63947037	38e91	DESeq2	Gene	27000	1898.114	25.509	1923.151
63947037	38e91	glm_gp overdispersion = 0	Gene	30000	47.538	4.428	51.389
63947037	38e91	glm_gp	Gene	30000	162.234	5.624	165.812
63947037	38e91	glm_gp on disk	Gene	30000	359.251	12.539	369.674
63947037	38e91	DESeq2 with glmGamPoi	Gene	30000	197.155	22.837	219.557
63947037	38e91	edgeR	Gene	30000	913.987	20.318	934.261
63947037	38e91	DESeq2	Gene	30000	2358.786	35.945	2394.229
